{
  "total_documents": 95,
  "embedding_dimension": 3072,
  "embedding_source": "Mock (random)",
  "sample_embedding": {
    "doc_id": "9f47da6d7f48f7c4d812e3d1aa4f020450a58bce4a9e3f5d79053ffe3c391a42",
    "embedding_length": 3072,
    "first_10_values": [
      0.6073054957339138,
      -0.9652064002977184,
      -0.6117875605821878,
      -1.3798563022361658,
      1.3028985324371853,
      -0.19828896480819883,
      -0.027374513485241017,
      0.25982273829892827,
      1.5140137320189135,
      2.207592152082046
    ]
  }
}